{
  "TransE": {
    "20k": {
      "MRR": 0.10937528312206268,
      "Hits@1": 0.04893741470072139,
      "Hits@3": 0.13774614934685123,
      "Hits@10": 0.21875609280561514,
      "n_triples": 5129,
      "time_s": 172.04
    },
    "50k": {
      "MRR": 0.10937528312206268,
      "Hits@1": 0.04893741470072139,
      "Hits@3": 0.13774614934685123,
      "Hits@10": 0.21875609280561514,
      "n_triples": 5129,
      "time_s": 166.69
    },
    "full": {
      "MRR": 0.10937528312206268,
      "Hits@1": 0.04893741470072139,
      "Hits@3": 0.13774614934685123,
      "Hits@10": 0.21875609280561514,
      "n_triples": 5129,
      "time_s": 167.56
    }
  },
  "ComplEx": {
    "20k": {
      "MRR": 0.0017425662372261286,
      "Hits@1": 0.00019496977968414895,
      "Hits@3": 0.0012673035679469683,
      "Hits@10": 0.003509456034314681,
      "n_triples": 5129,
      "time_s": 70.93
    },
    "50k": {
      "MRR": 0.0017425662372261286,
      "Hits@1": 0.00019496977968414895,
      "Hits@3": 0.0012673035679469683,
      "Hits@10": 0.003509456034314681,
      "n_triples": 5129,
      "time_s": 72.82
    },
    "full": {
      "MRR": 0.0017425662372261286,
      "Hits@1": 0.00019496977968414895,
      "Hits@3": 0.0012673035679469683,
      "Hits@10": 0.003509456034314681,
      "n_triples": 5129,
      "time_s": 74.86
    }
  }
}