{
  "model": "ComplEx",
  "embedding_dim": 100,
  "epochs": 100,
  "metrics": {
    "head": {
      "optimistic": {
        "variance": 101920029.56130897,
        "inverse_median_rank": 0.00013034410844629823,
        "adjusted_inverse_harmonic_mean_rank": 0.00285525643432435,
        "inverse_harmonic_mean_rank": 0.0031747501752581717,
        "geometric_mean_rank": 5057.193015160304,
        "arithmetic_mean_rank": 10940.97562877754,
        "adjusted_arithmetic_mean_rank": 0.6341978578270056,
        "count": 5129.0,
        "adjusted_arithmetic_mean_rank_index": 0.3658233472639342,
        "standard_deviation": 10095.545035376197,
        "median_rank": 7672.0,
        "adjusted_geometric_mean_rank_index": 0.6011388422928694,
        "median_absolute_deviation": 9636.914420286412,
        "z_geometric_mean_rank": 43.09438986543999,
        "z_inverse_harmonic_mean_rank": 29.592760101617948,
        "harmonic_mean_rank": 314.9854145353909,
        "inverse_geometric_mean_rank": 0.00019773815177752353,
        "inverse_arithmetic_mean_rank": 9.139952723866292e-05,
        "z_arithmetic_mean_rank": 45.31455933860664,
        "hits_at_1": 0.0011698186781048938,
        "hits_at_3": 0.0021446675765256387,
        "hits_at_5": 0.002729576915578085,
        "hits_at_10": 0.00545915383115617,
        "z_hits_at_k": 21.71223961910781,
        "adjusted_hits_at_k": 0.005169940931003653
      },
      "realistic": {
        "variance": 101920024.0,
        "inverse_median_rank": 0.00013034410949330777,
        "adjusted_inverse_harmonic_mean_rank": 0.0028552568592124725,
        "inverse_harmonic_mean_rank": 0.0031747506000101566,
        "geometric_mean_rank": 5057.1904296875,
        "arithmetic_mean_rank": 10940.9755859375,
        "adjusted_arithmetic_mean_rank": 0.6341978553437662,
        "count": 5129.0,
        "adjusted_arithmetic_mean_rank_index": 0.36582334974731745,
        "standard_deviation": 10095.544921875,
        "median_rank": 7672.0,
        "adjusted_geometric_mean_rank_index": 0.6011390462496158,
        "median_absolute_deviation": 9636.9150390625,
        "z_geometric_mean_rank": 43.09440448667375,
        "z_inverse_harmonic_mean_rank": 29.592764505289765,
        "harmonic_mean_rank": 314.9853820800781,
        "inverse_geometric_mean_rank": 0.00019773824897129089,
        "inverse_arithmetic_mean_rank": 9.139952453551814e-05,
        "z_arithmetic_mean_rank": 45.314559646223486,
        "hits_at_1": 0.0011698186781048938,
        "hits_at_3": 0.0021446675765256387,
        "hits_at_5": 0.002729576915578085,
        "hits_at_10": 0.00545915383115617,
        "z_hits_at_k": 21.71223961910781,
        "adjusted_hits_at_k": 0.005169940931003653
      },
      "pessimistic": {
        "variance": 101920027.75923143,
        "inverse_median_rank": 0.00013034410844629823,
        "adjusted_inverse_harmonic_mean_rank": 0.0028552563822502115,
        "inverse_harmonic_mean_rank": 0.0031747501232007183,
        "geometric_mean_rank": 5057.193700054812,
        "arithmetic_mean_rank": 10940.97621368688,
        "adjusted_arithmetic_mean_rank": 0.6341978917315002,
        "count": 5129.0,
        "adjusted_arithmetic_mean_rank_index": 0.3658233133574741,
        "standard_deviation": 10095.54494612507,
        "median_rank": 7672.0,
        "adjusted_geometric_mean_rank_index": 0.6011387882645094,
        "median_absolute_deviation": 9636.914420286412,
        "z_geometric_mean_rank": 43.09438599225954,
        "z_inverse_harmonic_mean_rank": 29.59275956190548,
        "harmonic_mean_rank": 314.9854197003134,
        "inverse_geometric_mean_rank": 0.00019773812499789388,
        "inverse_arithmetic_mean_rank": 9.13995223524045e-05,
        "z_arithmetic_mean_rank": 45.31455513861147,
        "hits_at_1": 0.0011698186781048938,
        "hits_at_3": 0.0021446675765256387,
        "hits_at_5": 0.002729576915578085,
        "hits_at_10": 0.00545915383115617,
        "z_hits_at_k": 21.71223961910781,
        "adjusted_hits_at_k": 0.005169940931003653
      }
    },
    "tail": {
      "optimistic": {
        "variance": 110131682.32791461,
        "inverse_median_rank": 0.00012822156686754713,
        "adjusted_inverse_harmonic_mean_rank": 0.0023672347637054185,
        "inverse_harmonic_mean_rank": 0.0026748584088448976,
        "geometric_mean_rank": 5177.667069885289,
        "arithmetic_mean_rank": 11284.420549814778,
        "adjusted_arithmetic_mean_rank": 0.6289015467938739,
        "count": 5129.0,
        "adjusted_arithmetic_mean_rank_index": 0.3711191363593169,
        "standard_deviation": 10494.36431271159,
        "median_rank": 7799.0,
        "adjusted_geometric_mean_rank_index": 0.6079456539772128,
        "median_absolute_deviation": 9954.191295046612,
        "z_geometric_mean_rank": 43.581124799860305,
        "z_inverse_harmonic_mean_rank": 25.058860268467427,
        "harmonic_mean_rank": 373.85156414011345,
        "inverse_geometric_mean_rank": 0.0001931371767443817,
        "inverse_arithmetic_mean_rank": 8.861775361752305e-05,
        "z_arithmetic_mean_rank": 46.03394781965021,
        "hits_at_1": 0.0003899395593682979,
        "hits_at_3": 0.0015597582374731916,
        "hits_at_5": 0.003119516474946383,
        "hits_at_10": 0.00565412361084032,
        "z_hits_at_k": 23.06478850430056,
        "adjusted_hits_at_k": 0.005376955010776177
      },
      "realistic": {
        "variance": 110131680.0,
        "inverse_median_rank": 0.00012822156713809818,
        "adjusted_inverse_harmonic_mean_rank": 0.00236723467347448,
        "inverse_harmonic_mean_rank": 0.002674858318641782,
        "geometric_mean_rank": 5177.66650390625,
        "arithmetic_mean_rank": 11284.419921875,
        "adjusted_arithmetic_mean_rank": 0.6289015117976331,
        "count": 5129.0,
        "adjusted_arithmetic_mean_rank_index": 0.37111917135750816,
        "standard_deviation": 10494.3642578125,
        "median_rank": 7799.0,
        "adjusted_geometric_mean_rank_index": 0.6079456968415768,
        "median_absolute_deviation": 9954.19140625,
        "z_geometric_mean_rank": 43.581127872630354,
        "z_inverse_harmonic_mean_rank": 25.05885931330889,
        "harmonic_mean_rank": 373.8515625,
        "inverse_geometric_mean_rank": 0.0001931371953105554,
        "inverse_arithmetic_mean_rank": 8.861775859259069e-05,
        "z_arithmetic_mean_rank": 46.033952160856984,
        "hits_at_1": 0.0003899395593682979,
        "hits_at_3": 0.0015597582374731916,
        "hits_at_5": 0.003119516474946383,
        "hits_at_10": 0.00565412361084032,
        "z_hits_at_k": 23.06478850430056,
        "adjusted_hits_at_k": 0.005376955010776177
      },
      "pessimistic": {
        "variance": 110131682.32791461,
        "inverse_median_rank": 0.00012822156686754713,
        "adjusted_inverse_harmonic_mean_rank": 0.0023672347637054185,
        "inverse_harmonic_mean_rank": 0.0026748584088448976,
        "geometric_mean_rank": 5177.667069885289,
        "arithmetic_mean_rank": 11284.420549814778,
        "adjusted_arithmetic_mean_rank": 0.6289015467938739,
        "count": 5129.0,
        "adjusted_arithmetic_mean_rank_index": 0.3711191363593169,
        "standard_deviation": 10494.36431271159,
        "median_rank": 7799.0,
        "adjusted_geometric_mean_rank_index": 0.6079456539772128,
        "median_absolute_deviation": 9954.191295046612,
        "z_geometric_mean_rank": 43.581124799860305,
        "z_inverse_harmonic_mean_rank": 25.058860268467427,
        "harmonic_mean_rank": 373.85156414011345,
        "inverse_geometric_mean_rank": 0.0001931371767443817,
        "inverse_arithmetic_mean_rank": 8.861775361752305e-05,
        "z_arithmetic_mean_rank": 46.03394781965021,
        "hits_at_1": 0.0003899395593682979,
        "hits_at_3": 0.0015597582374731916,
        "hits_at_5": 0.003119516474946383,
        "hits_at_10": 0.00565412361084032,
        "z_hits_at_k": 23.06478850430056,