{
  "TransE": {
    "n_entities": 35886,
    "dim": 100,
    "nearest_neighbors": {
      "entity_27771": [
        [
          "entity_28597",
          0.4220896065235138
        ],
        [
          "entity_23572",
          0.4096507430076599
        ],
        [
          "entity_33471",
          0.4023688733577728
        ],
        [
          "entity_9638",
          0.38453754782676697
        ],
        [
          "entity_22846",
          0.38396456837654114
        ]
      ],
      "entity_15749": [
        [
          "entity_23453",
          0.44454607367515564
        ],
        [
          "entity_11109",
          0.39654743671417236
        ],
        [
          "entity_31918",
          0.3792274594306946
        ],
        [
          "entity_11392",
          0.3693009614944458
        ],
        [
          "entity_30664",
          0.36144545674324036
        ]
      ],
      "entity_23488": [
        [
          "entity_13305",
          0.37865936756134033
        ],
        [
          "entity_16753",
          0.36551955342292786
        ],
        [
          "entity_10906",
          0.3563932478427887
        ],
        [
          "entity_34640",
          0.3533673584461212
        ],
        [
          "entity_13485",
          0.3492152690887451
        ]
      ],
      "entity_3202": [
        [
          "entity_2143",
          0.6165041923522949
        ],
        [
          "entity_8441",
          0.5704702734947205
        ],
        [
          "entity_6858",
          0.5445584654808044
        ],
        [
          "entity_7786",
          0.5415223836898804
        ],
        [
          "entity_1937",
          0.5315673351287842
        ]
      ],
      "entity_15539": [
        [
          "entity_15595",
          0.4412992596626282
        ],
        [
          "entity_24209",
          0.41227927803993225
        ],
        [
          "entity_20151",
          0.38264596462249756
        ],
        [
          "entity_28869",
          0.37869295477867126
        ],
        [
          "entity_11828",
          0.3768071234226227
        ]
      ]
    }
  },
  "ComplEx": {
    "n_entities": 35886,
    "dim": 100,
    "nearest_neighbors": {
      "entity_27771": [
        [
          "entity_232",
          0.4067879319190979
        ],
        [
          "entity_19762",
          0.40374651551246643
        ],
        [
          "entity_10203",
          0.39332443475723267
        ],
        [
          "entity_18449",
          0.38847172260284424
        ],
        [
          "entity_7099",
          0.37271934747695923
        ]
      ],
      "entity_15749": [
        [
          "entity_32250",
          0.3837403953075409
        ],
        [
          "entity_21385",
          0.3836636543273926
        ],
        [
          "entity_21836",
          0.3753126859664917
        ],
        [
          "entity_8961",
          0.36007440090179443
        ],
        [
          "entity_9960",
          0.35812345147132874
        ]
      ],
      "entity_23488": [
        [
          "entity_7546",
          0.44556349515914917
        ],
        [
          "entity_32009",
          0.4061781167984009
        ],
        [
          "entity_20460",
          0.38123399019241333
        ],
        [
          "entity_30506",
          0.3776678442955017
        ],
        [
          "entity_4482",
          0.36860403418540955
        ]
      ],
      "entity_3202": [
        [
          "entity_31283",
          0.37961912155151367
        ],
        [
          "entity_35885",
          0.3629579544067383
        ],
        [
          "entity_35777",
          0.3621786832809448
        ],
        [
          "entity_16325",
          0.34554946422576904
        ],
        [
          "entity_22713",
          0.3441910147666931
        ]
      ],
      "entity_15539": [
        [
          "entity_26181",
          0.39942020177841187
        ],
        [
          "entity_29562",
          0.3905010223388672
        ],
        [
          "entity_35816",
          0.3802449703216553
        ],
        [
          "entity_3185",
          0.3787154257297516
        ],
        [
          "entity_6236",
          0.3692011535167694
        ]
      ]
    }
  }
}