{
  "model": "TransE",
  "embedding_dim": 100,
  "epochs": 100,
  "metrics": {
    "head": {
      "optimistic": {
        "variance": 37116427.10773374,
        "inverse_median_rank": 0.0007880220646178094,
        "adjusted_inverse_harmonic_mean_rank": 0.02513448375209667,
        "inverse_harmonic_mean_rank": 0.025446839037227758,
        "geometric_mean_rank": 863.4375733784188,
        "arithmetic_mean_rank": 3861.812439071944,
        "adjusted_arithmetic_mean_rank": 0.22385144243875438,
        "count": 5129.0,
        "adjusted_arithmetic_mean_rank_index": 0.7761935499187207,
        "standard_deviation": 6092.325262798577,
        "median_rank": 1269.0,
        "adjusted_geometric_mean_rank_index": 0.9319660369102941,
        "median_absolute_deviation": 1777.6400599882168,
        "z_geometric_mean_rank": 66.81070147251346,
        "z_inverse_harmonic_mean_rank": 260.50155741258976,
        "harmonic_mean_rank": 39.29761172053779,
        "inverse_geometric_mean_rank": 0.0011581613203224942,
        "inverse_arithmetic_mean_rank": 0.0002589457711313179,
        "z_arithmetic_mean_rank": 96.14714024979682,
        "hits_at_1": 0.006044063170208618,
        "hits_at_3": 0.031000194969779685,
        "hits_at_5": 0.03996880483525054,
        "hits_at_10": 0.0553714174302983,
        "z_hits_at_k": 231.3901032788847,
        "adjusted_hits_at_k": 0.05509671903758336
      },
      "realistic": {
        "variance": 37116456.0,
        "inverse_median_rank": 0.0007880220655351877,
        "adjusted_inverse_harmonic_mean_rank": 0.025134486208905033,
        "inverse_harmonic_mean_rank": 0.02544684149324894,
        "geometric_mean_rank": 863.4378051757812,
        "arithmetic_mean_rank": 3861.81396484375,
        "adjusted_arithmetic_mean_rank": 0.22385153088070361,
        "count": 5129.0,
        "adjusted_arithmetic_mean_rank_index": 0.7761934614716447,
        "standard_deviation": 6092.32763671875,
        "median_rank": 1269.0,
        "adjusted_geometric_mean_rank_index": 0.9319660186248047,
        "median_absolute_deviation": 1777.64013671875,
        "z_geometric_mean_rank": 66.81070016166485,
        "z_inverse_harmonic_mean_rank": 260.50158287571094,
        "harmonic_mean_rank": 39.297607421875,
        "inverse_geometric_mean_rank": 0.0011581609724089503,
        "inverse_arithmetic_mean_rank": 0.00025894565624184906,
        "z_arithmetic_mean_rank": 96.14712929385236,
        "hits_at_1": 0.006044063170208618,
        "hits_at_3": 0.031000194969779685,
        "hits_at_5": 0.03996880483525054,
        "hits_at_10": 0.0553714174302983,
        "z_hits_at_k": 231.3901032788847,
        "adjusted_hits_at_k": 0.05509671903758336
      },
      "pessimistic": {
        "variance": 37116485.6437682,
        "inverse_median_rank": 0.0007880220646178094,
        "adjusted_inverse_harmonic_mean_rank": 0.025134483484523018,
        "inverse_harmonic_mean_rank": 0.02544683876973984,
        "geometric_mean_rank": 863.4381427275537,
        "arithmetic_mean_rank": 3861.8157535581986,
        "adjusted_arithmetic_mean_rank": 0.22385163456422416,
        "count": 5129.0,
        "adjusted_arithmetic_mean_rank_index": 0.7761933577821137,
        "standard_deviation": 6092.330066876564,
        "median_rank": 1269.0,
        "adjusted_geometric_mean_rank_index": 0.931965991996808,
        "median_absolute_deviation": 1777.6400599882168,
        "z_geometric_mean_rank": 66.81069825275931,
        "z_inverse_harmonic_mean_rank": 260.50155463937375,
        "harmonic_mean_rank": 39.29761213361999,
        "inverse_geometric_mean_rank": 0.0011581605566335707,
        "inverse_arithmetic_mean_rank": 0.00025894554888555214,
        "z_arithmetic_mean_rank": 96.14711644982411,
        "hits_at_1": 0.006044063170208618,
        "hits_at_3": 0.031000194969779685,
        "hits_at_5": 0.03996880483525054,
        "hits_at_10": 0.0553714174302983,
        "z_hits_at_k": 231.3901032788847,
        "adjusted_hits_at_k": 0.05509671903758336
      }
    },
    "tail": {
      "optimistic": {
        "variance": 19841411.14936103,
        "inverse_median_rank": 0.05555555555555555,
        "adjusted_inverse_harmonic_mean_rank": 0.21661459452895412,
        "inverse_harmonic_mean_rank": 0.21685615423145949,
        "geometric_mean_rank": 33.14511992220498,
        "arithmetic_mean_rank": 1310.720413335933,
        "adjusted_arithmetic_mean_rank": 0.07304886340617678,
        "count": 5129.0,
        "adjusted_arithmetic_mean_rank_index": 0.9270028001677156,
        "standard_deviation": 4454.369893639394,
        "median_rank": 18.0,
        "adjusted_geometric_mean_rank_index": 0.997565492661825,
        "median_absolute_deviation": 25.204237714595234,
        "z_geometric_mean_rank": 71.51136939184151,
        "z_inverse_harmonic_mean_rank": 2293.0192390023853,
        "harmonic_mean_rank": 4.611351720886182,
        "inverse_geometric_mean_rank": 0.030170353956995882,
        "inverse_arithmetic_mean_rank": 0.0007629392125318976,
        "z_arithmetic_mean_rank": 114.98625198964073,
        "hits_at_1": 0.09904464807954767,
        "hits_at_3": 0.2758822382530708,
        "hits_at_5": 0.34139208422694484,
        "hits_at_10": 0.43302788067849485,
        "z_hits_at_k": 1856.8225500824083,
        "adjusted_hits_at_k": 0.43286984022967395
      },
      "realistic": {
        "variance": 19841424.0,
        "inverse_median_rank": 0.0555555559694767,
        "adjusted_inverse_harmonic_mean_rank": 0.21661460702173715,
        "inverse_harmonic_mean_rank": 0.21685616672039032,
        "geometric_mean_rank": 33.145111083984375,
        "arithmetic_mean_rank": 1310.720947265625,
        "adjusted_arithmetic_mean_rank": 0.07304889316306218,
        "count": 5129.0,
        "adjusted_arithmetic_mean_rank_index": 0.9270027704091717,
        "standard_deviation": 4454.37109375,
        "median_rank": 18.0,
        "adjusted_geometric_mean_rank_index": 0.9975654933311867,
        "median_absolute_deviation": 25.204238891601562,
        "z_geometric_mean_rank": 71.5113694398253,
        "z_inverse_harmonic_mean_rank": 2293.019371247361,
        "harmonic_mean_rank": 4.611351490020752,
        "inverse_geometric_mean_rank": 0.030170362442731857,
        "inverse_arithmetic_mean_rank": 0.0007629389292560518,
        "z_arithmetic_mean_rank": 114.98624829836447,
        "hits_at_1": 0.09904464807954767,
        "hits_at_3": 0.2758822382530708,
        "hits_at_5": 0.34139208422694484,
        "hits_at_10": 0.43302788067849485,
        "z_hits_at_k": 1856.8225500824083,
        "adjusted_hits_at_k": 0.43286984022967395
      },
      "pessimistic": {
        "variance": 19841436.061778847,
        "inverse_median_rank": 0.05555555555555555,
        "adjusted_inverse_harmonic_mean_rank": 0.21661459438993771,
        "inverse_harmonic_mean_rank": 0.21685615409248593,
        "geometric_mean_rank": 33.145127486134456,
        "arithmetic_mean_rank": 1310.7213881848313,
        "adjusted_arithmetic_mean_rank": 0.07304891773630186,
        "count": 5129.0,
        "adjusted_arithmetic_mean_rank_index": 0.9270027458345624,
        "standard_deviation": 4454.372690040524,
        "median_rank": 18.0,
        "adjusted_geometric_mean_rank_index": 0.9975654920889716,
        "median_absolute_deviation": 25.204237714595234,
        "z_geometric_mean_rank": 71.51136935077601,
        "z_inverse_harmonic_mean_rank": 2293.019237530798,
        "harmonic_mean_rank": 4.611351723841394,
        "inverse_geometric_mean_rank": 0.030170347071928696,
        "inverse_arithmetic_mean_rank": 0.0007629386450959363,
        "z_arithmetic_mean_rank": 114.98624525010808,
        "hits_at_1": 0.09904464807954767,
        "hits_at_3": 0.2758822382530708,
        "hits_at_5": 0.34139208422694484,
        "hits_at_10": 0.43302788067849485,
        "z_hits_at_k": 1856.8225500824083,
        "adjusted_hits_at_k": 0.43286984022967395
      }
    },